id,side,tx,ty,tz,qx,qy,qz,qw,j1,j2,j3,j4,j5,j6,j7,cam_tx,cam_ty,cam_tz,cam_qx,cam_qy,cam_qz,cam_qw,dist_tcp_socket,visible
aNNaNNaNNaNNaNNaN,l,0.23948759084020238,-0.16754259481548028,0.4935073007543137,-0.008061159551789331,0.9823945236621404,0.13955924518899174,0.1239323791173142,0.016190613550765048,-0.1975754182570711,4.110911692224646,1.014520864352101,5.167892731528088,4.315490398247172,6.632251157578453,0.2881002507479258,0.772266079629247,0.3678115050291237,-0.5260463822438244,0.5883457348825061,0.41810291033089014,0.4497937836837601,0.5735627979059983,0
aNNaNNaNNaNNaNNaN,r,0.23948759084020238,-0.16754259481548028,0.4935073007543137,-0.008061159551789331,0.9823945236621404,0.13955924518899174,0.1239323791173142,0.016190613550765048,-0.1975754182570711,4.110911692224646,1.014520864352101,5.167892731528088,4.315490398247172,6.632251157578453,0.28558496015693124,0.7576936317879429,0.3096624041026426,-0.5260463822438244,0.5883457348825061,0.41810291033089014,0.4497937836837601,0.5735627979059983,0
aNNaNNaNNaNNaNNaN,l,0.23948759084020238,-0.16754259481548028,0.4935073007543137,-0.008061159551789331,0.9823945236621404,0.13955924518899174,0.1239323791173142,0.016190613550765048,-0.1975754182570711,4.110911692224646,1.014520864352101,5.167892731528088,4.315490398247172,6.632251157578453,0.2881002507479258,0.772266079629247,0.3678115050291237,-0.5260463822438244,0.5883457348825061,0.41810291033089014,0.4497937836837601,0.5735627979059983,0
aNNaNNaNNaNNaNNaN,r,0.23948759084020238,-0.16754259481548028,0.4935073007543137,-0.008061159551789331,0.9823945236621404,0.13955924518899174,0.1239323791173142,0.016190613550765048,-0.1975754182570711,4.110911692224646,1.014520864352101,5.167892731528088,4.315490398247172,6.632251157578453,0.28558496015693124,0.7576936317879429,0.3096624041026426,-0.5260463822438244,0.5883457348825061,0.41810291033089014,0.4497937836837601,0.5735627979059983,0
aNNaNNaNNaNNaNNaN,l,0.23948759084020238,-0.16754259481548028,0.4935073007543137,-0.008061159551789331,0.9823945236621404,0.13955924518899174,0.1239323791173142,0.016190613550765048,-0.1975754182570711,4.110911692224646,1.014520864352101,5.167892731528088,4.315490398247172,6.632251157578453,0.2881002507479258,0.772266079629247,0.3678115050291237,-0.5260463822438244,0.5883457348825061,0.41810291033089014,0.4497937836837601,0.5735627979059983,0
aNNaNNaNNaNNaNNaN,r,0.23948759084020238,-0.16754259481548028,0.4935073007543137,-0.008061159551789331,0.9823945236621404,0.13955924518899174,0.1239323791173142,0.016190613550765048,-0.1975754182570711,4.110911692224646,1.014520864352101,5.167892731528088,4.315490398247172,6.632251157578453,0.28558496015693124,0.7576936317879429,0.3096624041026426,-0.5260463822438244,0.5883457348825061,0.41810291033089014,0.4497937836837601,0.5735627979059983,0
aNNaNNaNNaNNaNNaN,l,0.23948759084020238,-0.16754259481548028,0.4935073007543137,-0.008061159551789331,0.9823945236621404,0.13955924518899174,0.1239323791173142,0.016190613550765048,-0.1975754182570711,4.110911692224646,1.014520864352101,5.167892731528088,4.315490398247172,6.632251157578453,0.2881002507479258,0.772266079629247,0.3678115050291237,-0.5260463822438244,0.5883457348825061,0.41810291033089014,0.4497937836837601,0.5735627979059983,0
aNNaNNaNNaNNaNNaN,r,0.23948759084020238,-0.16754259481548028,0.4935073007543137,-0.008061159551789331,0.9823945236621404,0.13955924518899174,0.1239323791173142,0.016190613550765048,-0.1975754182570711,4.110911692224646,1.014520864352101,5.167892731528088,4.315490398247172,6.632251157578453,0.28558496015693124,0.7576936317879429,0.3096624041026426,-0.5260463822438244,0.5883457348825061,0.41810291033089014,0.4497937836837601,0.5735627979059983,0
aNNaNNaNNaNNaNNaN,l,0.23948759084020238,-0.16754259481548028,0.4935073007543137,-0.008061159551789331,0.9823945236621404,0.13955924518899174,0.1239323791173142,0.016190613550765048,-0.1975754182570711,4.110911692224646,1.014520864352101,5.167892731528088,4.315490398247172,6.632251157578453,0.2881002507479258,0.772266079629247,0.3678115050291237,-0.5260463822438244,0.5883457348825061,0.41810291033089014,0.4497937836837601,0.5735627979059983,0
aNNaNNaNNaNNaNNaN,r,0.23948759084020238,-0.16754259481548028,0.4935073007543137,-0.008061159551789331,0.9823945236621404,0.13955924518899174,0.1239323791173142,0.016190613550765048,-0.1975754182570711,4.110911692224646,1.014520864352101,5.167892731528088,4.315490398247172,6.632251157578453,0.28558496015693124,0.7576936317879429,0.3096624041026426,-0.5260463822438244,0.5883457348825061,0.41810291033089014,0.4497937836837601,0.5735627979059983,0
251130121228,l,0.23948759084020238,-0.16754259481548028,0.4935073007543137,-0.008061159551789331,0.9823945236621404,0.13955924518899174,0.1239323791173142,0.016190613550765048,-0.1975754182570711,4.110911692224646,1.014520864352101,5.167892731528088,4.315490398247172,6.632251157578453,0.2881002507479258,0.772266079629247,0.3678115050291237,-0.5260463822438244,0.5883457348825061,0.41810291033089014,0.4497937836837601,0.5735627979059983,0
251130121228,r,0.23948759084020238,-0.16754259481548028,0.4935073007543137,-0.008061159551789331,0.9823945236621404,0.13955924518899174,0.1239323791173142,0.016190613550765048,-0.1975754182570711,4.110911692224646,1.014520864352101,5.167892731528088,4.315490398247172,6.632251157578453,0.28558496015693124,0.7576936317879429,0.3096624041026426,-0.5260463822438244,0.5883457348825061,0.41810291033089014,0.4497937836837601,0.5735627979059983,0
251130121229,l,0.23948759084020238,-0.16754259481548028,0.4935073007543137,-0.008061159551789331,0.9823945236621404,0.13955924518899174,0.1239323791173142,0.016190613550765048,-0.1975754182570711,4.110911692224646,1.014520864352101,5.167892731528088,4.315490398247172,6.632251157578453,0.2881002507479258,0.772266079629247,0.3678115050291237,-0.5260463822438244,0.5883457348825061,0.41810291033089014,0.4497937836837601,0.5735627979059983,0
251130121229,r,0.23948759084020238,-0.16754259481548028,0.4935073007543137,-0.008061159551789331,0.9823945236621404,0.13955924518899174,0.1239323791173142,0.016190613550765048,-0.1975754182570711,4.110911692224646,1.014520864352101,5.167892731528088,4.315490398247172,6.632251157578453,0.28558496015693124,0.7576936317879429,0.3096624041026426,-0.5260463822438244,0.5883457348825061,0.41810291033089014,0.4497937836837601,0.5735627979059983,0
251130121400,l,-0.20578742870979982,0.03994908044296519,-0.312194915165931,0.0845349370633083,0.596352578183728,0.7829300262250395,-0.15568564970424514,-0.2913184235749897,0.3120655575573493,3.811651975798243,0.5305823892987332,23.415363252598514,3.3053188965247826,6.632251157578453,0.148777083321348,1.0830413450005247,-0.04859790798005125,-0.5835897717741754,-0.01986208249615361,0.8062230740313326,0.09504121604888732,0.37604528969087264,1
251130121400,r,-0.20578742870979982,0.03994908044296519,-0.312194915165931,0.0845349370633083,0.596352578183728,0.7829300262250395,-0.15568564970424514,-0.2913184235749897,0.3120655575573493,3.811651975798243,0.5305823892987332,23.415363252598514,3.3053188965247826,6.632251157578453,0.13073026436757249,1.0936272323202902,-0.10483181410899031,-0.5835897717741754,-0.01986208249615361,0.8062230740313326,0.09504121604888732,0.37604528969087264,1
251130121455,l,-0.2980538998103424,-0.025822419515652895,-0.2633903470640918,0.09581271472132906,0.5900411820451469,0.7576626488591743,-0.26195159635190995,-0.29346169216046414,0.3612180650989815,3.7047380543682205,0.6408960537580152,23.38608519589307,3.170647810315149,6.632251157578453,0.1392930449100419,1.0685788116910242,-0.10605694260231248,-0.5174727146470475,-0.07117619664286061,0.8377687082219584,0.1590582715946591,0.3985942792719669,1
251130121455,r,-0.2980538998103424,-0.025822419515652895,-0.2633903470640918,0.09581271472132906,0.5900411820451469,0.7576626488591743,-0.26195159635190995,-0.29346169216046414,0.3612180650989815,3.7047380543682205,0.6408960537580152,23.38608519589307,3.170647810315149,6.632251157578453,0.11446234767794261,1.0889891060654677,-0.15672110373083764,-0.5174727146470475,-0.07117619664286061,0.8377687082219584,0.1590582715946591,0.3985942792719669,1
251130121504,l,-0.3336225810013042,-0.04895712928254925,-0.24081491780429765,0.0753339369196095,0.572206908357462,0.7480627402344898,-0.32757623481505366,-0.2935547060004896,0.364361941999949,3.698426600049826,0.6493991144243418,23.33501796452068,3.0410809940630767,6.632251157578453,0.1349795150968566,1.08157153702866,-0.13874957966726753,-0.4906640594992154,-0.12430966990639726,0.8391720826460694,0.19896257829821173,0.41435812010705264,1
251130121504,r,-0.3336225810013042,-0.04895712928254925,-0.24081491780429765,0.0753339369196095,0.572206908357462,0.7480627402344898,-0.32757623481505366,-0.2935547060004896,0.364361941999949,3.698426600049826,0.6493991144243418,23.33501796452068,3.0410809940630767,6.632251157578453,0.10861999155066153,1.1089265134863049,-0.1851918191199392,-0.4906640594992154,-0.12430966990639726,0.8391720826460694,0.19896257829821173,0.41435812010705264,1
251130121515,l,-0.4269048044248739,-0.1811048622047955,-0.12026190274656967,0.09859504936049866,0.5485230885990361,0.6790940444062946,-0.4777370789583206,-0.2948558319743425,0.3920624513193086,3.6198273460864363,0.741008507920568,23.160802746854788,2.8417128514274457,6.632251157578453,0.10648393530846652,1.0987325245007686,-0.2282320939283797,-0.3676298281602984,-0.18932297953999513,0.8627093891434218,0.29109729437847964,0.4790716109387856,0
251130121515,r,-0.4269048044248739,-0.1811048622047955,-0.12026190274656967,0.09859504936049866,0.5485230885990361,0.6790940444062946,-0.4777370789583206,-0.2948558319743425,0.3920624513193086,3.6198273460864363,0.741008507920568,23.160802746854788,2.8417128514274457,6.632251157578453,0.07287065063155991,1.1372205037371161,-0.25967765439828483,-0.3676298281602984,-0.18932297953999513,0.8627093891434218,0.29109729437847964,0.4790716109387856,0
251130121527,l,-0.3910679654101842,-0.10376684541533665,-0.1837988647120864,0.10502128542040766,0.5660294120100015,0.7203257544990687,-0.38692640499859876,-0.2944131608611125,0.38591976306765186,3.647900219206058,0.7070483578351586,23.260021204172833,2.992419281260359,6.632251157578453,0.12231002636284267,1.0803748881111532,-0.17888722839335439,-0.4310361742450838,-0.13980902518103253,0.8614463585004752,0.22928460390731362,0.44439142031205237,0
251130121527,r,-0.3910679654101842,-0.10376684541533665,-0.1837988647120864,0.10502128542040766,0.5660294120100015,0.7203257544990687,-0.38692640499859876,-0.2944131608611125,0.38591976306765186,3.647900219206058,0.7070483578351586,23.260021204172833,2.992419281260359,6.632251157578453,0.09091365649403395,1.1113083856217296,-0.21959825256291657,-0.4310361742450838,-0.13980902518103253,0.8614463585004752,0.22928460390731362,0.44439142031205237,0
251130121543,l,-0.33132258839369,-0.06246298200533418,-0.23640509702007162,0.12248308438594475,0.5962431937723521,0.7408554217356513,-0.2839457581507845,-0.29444619965088187,0.3894910323855323,3.649578334517914,0.7038025796595047,23.379478529465175,3.178112267558826,6.632251157578453,0.13133028547860742,1.053902724562978,-0.1237585054977439,-0.48576888819368347,-0.06313168898358165,0.8547436649666761,0.17162822550803947,0.41178107241344,1
251130121543,r,-0.33132258839369,-0.06246298200533418,-0.23640509702007162,0.12248308438594475,0.5962431937723521,0.7408554217356513,-0.2839457581507845,-0.29444619965088187,0.3894910323855323,3.649578334517914,0.7038025796595047,23.379478529465175,3.178112267558826,6.632251157578453,0.1031816017105402,1.0751865909744391,-0.17228323629306713,-0.48576888819368347,-0.06313168898358165,0.8547436649666761,0.17162822550803947,0.41178107241344,0
251130165924,l,0.11604502639257341,-0.1920955826854065,0.3225524789205553,0.6572409207682925,0.6314468093643205,-0.3876768912941091,-0.13789822257750098,0.006578795363895156,-0.19572437806513454,4.053789436346154,0.9187601297443877,3.9724174492704973,5.785555010304242,8.448499499846607,0.508917885305404,0.925072008507344,0.3693580601494662,0.41494141852277566,0.7039498146642407,0.46342874363400566,0.3428003435440498,0.40027469211658867,0.9000800505659733,0.29955789709719605,0.41494141852277566,0.7039498146642407,0.46342874363400566,0.3428003435440498,0.58,1.08,0,0.3974529680714818,-0.5848342826572068,0.3974529680714818,0.5848342826572068,0.39294689551578615,
251130165924,r,0.11604502639257341,-0.1920955826854065,0.3225524789205553,0.6572409207682925,0.6314468093643205,-0.3876768912941091,-0.13789822257750098,0.006578795363895156,-0.19572437806513454,4.053789436346154,0.9187601297443877,3.9724174492704973,5.785555010304242,8.448499499846607,0.4836804950172977,0.9791873926404463,0.36347584442818265,0.41494141852277566,0.7039498146642407,0.46342874363400566,0.3428003435440498,0.40027469211658867,0.9000800505659733,0.29955789709719605,0.41494141852277566,0.7039498146642407,0.46342874363400566,0.3428003435440498,0.58,1.08,0,0.3974529680714818,-0.5848342826572068,0.3974529680714818,0.5848342826572068,0.39294689551578615,
251130165925,l,0.11604502639257341,-0.1920955826854065,0.3225524789205553,0.6572409207682925,0.6314468093643205,-0.3876768912941091,-0.13789822257750098,0.006578795363895156,-0.19572437806513454,4.053789436346154,0.9187601297443877,3.9724174492704973,5.785555010304242,8.448499499846607,0.508917885305404,0.925072008507344,0.3693580601494662,0.41494141852277566,0.7039498146642407,0.46342874363400566,0.3428003435440498,0.40027469211658867,0.9000800505659733,0.29955789709719605,0.41494141852277566,0.7039498146642407,0.46342874363400566,0.3428003435440498,0.58,1.08,0,0.3974529680714818,-0.5848342826572068,0.3974529680714818,0.5848342826572068,0.39294689551578615,
251130165925,r,0.11604502639257341,-0.1920955826854065,0.3225524789205553,0.6572409207682925,0.6314468093643205,-0.3876768912941091,-0.13789822257750098,0.006578795363895156,-0.19572437806513454,4.053789436346154,0.9187601297443877,3.9724174492704973,5.785555010304242,8.448499499846607,0.4836804950172977,0.9791873926404463,0.36347584442818265,0.41494141852277566,0.7039498146642407,0.46342874363400566,0.3428003435440498,0.40027469211658867,0.9000800505659733,0.29955789709719605,0.41494141852277566,0.7039498146642407,0.46342874363400566,0.3428003435440498,0.58,1.08,0,0.3974529680714818,-0.5848342826572068,0.3974529680714818,0.5848342826572068,0.39294689551578615,
251130165926,l,0.11604502639257341,-0.1920955826854065,0.3225524789205553,0.6572409207682925,0.6314468093643205,-0.3876768912941091,-0.13789822257750098,0.006578795363895156,-0.19572437806513454,4.053789436346154,0.9187601297443877,3.9724174492704973,5.785555010304242,8.448499499846607,0.508917885305404,0.925072008507344,0.3693580601494662,0.41494141852277566,0.7039498146642407,0.46342874363400566,0.3428003435440498,0.40027469211658867,0.9000800505659733,0.29955789709719605,0.41494141852277566,0.7039498146642407,0.46342874363400566,0.3428003435440498,0.58,1.08,0,0.3974529680714818,-0.5848342826572068,0.3974529680714818,0.5848342826572068,0.39294689551578615,
251130165926,r,0.11604502639257341,-0.1920955826854065,0.3225524789205553,0.6572409207682925,0.6314468093643205,-0.3876768912941091,-0.13789822257750098,0.006578795363895156,-0.19572437806513454,4.053789436346154,0.9187601297443877,3.9724174492704973,5.785555010304242,8.448499499846607,0.4836804950172977,0.9791873926404463,0.36347584442818265,0.41494141852277566,0.7039498146642407,0.46342874363400566,0.3428003435440498,0.40027469211658867,0.9000800505659733,0.29955789709719605,0.41494141852277566,0.7039498146642407,0.46342874363400566,0.3428003435440498,0.58,1.08,0,0.3974529680714818,-0.5848342826572068,0.3974529680714818,0.5848342826572068,0.39294689551578615,
251130165957,l,-0.07109460171379511,0.12007543580318358,-0.28489191232262456,0.5894715837388604,0.46932870035784097,-0.14817936547955407,0.6405440546455521,-0.49069491525647874,-0.9387213731851873,2.761640532165683,-0.8435993839908612,2.595687980257024,6.524315176314772,4.0314296067456405,0.35260337895543403,1.1850452938172746,-0.2692474970176748,-0.009718651601869048,0.9422732028851611,0.19003277728142473,-0.27552550588000685,0.36035840680832615,1.0603740640683272,-0.2280534672046534,-0.009718651601869048,0.9422732028851611,0.19003277728142473,-0.27552550588000685,0.58,1.08,0,0.3974529680714818,-0.5848342826572068,0.3974529680714818,0.5848342826572068,0.3172317045678279,
251130165957,r,-0.07109460171379511,0.12007543580318358,-0.28489191232262456,0.5894715837388604,0.46932870035784097,-0.14817936547955407,0.6405440546455521,-0.49069491525647874,-0.9387213731851873,2.761640532165683,-0.8435993839908612,2.595687980257024,6.524315176314772,4.0314296067456405,0.30172442100378427,1.1776633143709971,-0.23831467930939906,-0.009718651601869048,0.9422732028851611,0.19003277728142473,-0.27552550588000685,0.36035840680832615,1.0603740640683272,-0.2280534672046534,-0.009718651601869048,0.9422732028851611,0.19003277728142473,-0.27552550588000685,0.58,1.08,0,0.3974529680714818,-0.5848342826572068,0.3974529680714818,0.5848342826572068,0.3172317045678279,
251130170000,l,-0.14990361730423085,0.050006401957661595,-0.3405271773083378,0.5230482168393262,0.5050261344978222,-0.2957819239190009,0.619582289643124,-0.4960993547092725,-0.9428182026600608,2.829947464679259,-0.7878038296502801,2.7913103925862783,6.398217599068779,4.060501203846696,0.3430415468384469,1.2098294436223989,-0.34743981817012454,0.031900985501633214,0.9831560333419814,0.08738244331710132,-0.15732402994856767,0.3298672978105244,1.0980683873892882,-0.27935230915020764,0.031900985501633214,0.9831560333419814,0.08738244331710132,-0.15732402994856767,0.58,1.08,0,0.3974529680714818,-0.5848342826572068,0.3974529680714818,0.5848342826572068,0.37540710329351606,
251130170000,r,-0.14990361730423085,0.050006401957661595,-0.3405271773083378,0.5230482168393262,0.5050261344978222,-0.2957819239190009,0.619582289643124,-0.4960993547092725,-0.9428182026600608,2.829947464679259,-0.7878038296502801,2.7913103925862783,6.398217599068779,4.060501203846696,0.28613375979491806,1.2119434006279297,-0.3285444167268136,0.031900985501633214,0.9831560333419814,0.08738244331710132,-0.15732402994856767,0.3298672978105244,1.0980683873892882,-0.27935230915020764,0.031900985501633214,0.9831560333419814,0.08738244331710132,-0.15732402994856767,0.58,1.08,0,0.3974529680714818,-0.5848342826572068,0.3974529680714818,0.5848342826572068,0.37540710329351606,
251130170005,l,-0.036897070793765585,0.09034534608387768,-0.09666647821447502,0.6543131042643776,0.3297706552755671,-0.015080854020590319,0.6803662554572212,-0.4624501485482792,-0.9190095656195618,2.4567236289750047,-0.9443740872519218,2.1495110014967174,6.31968004361827,4.228047746638741,0.4381068948990665,1.1563586250057845,-0.07339990360221901,-0.009997377385809414,0.8568153116177335,0.2344996851041774,-0.45910508320576326,0.46425475673722366,1.0289897751812718,-0.05356382833308013,-0.009997377385809414,0.8568153116177335,0.2344996851041774,-0.45910508320576326,0.58,1.08,0,0.3974529680714818,-0.5848342826572068,0.3974529680714818,0.5848342826572068,0.13736114225851995,
251130170005,r,-0.036897070793765585,0.09034534608387768,-0.09666647821447502,0.6543131042643776,0.3297706552755671,-0.015080854020590319,0.6803662554572212,-0.4624501485482792,-0.9190095656195618,2.4567236289750047,-0.9443740872519218,2.1495110014967174,6.31968004361827,4.228047746638741,0.40341218028853576,1.1424115168093065,-0.026477029248095113,-0.009997377385809414,0.8568153116177335,0.2344996851041774,-0.45910508320576326,0.46425475673722366,1.0289897751812718,-0.05356382833308013,-0.009997377385809414,0.8568153116177335,0.2344996851041774,-0.45910508320576326,0.58,1.08,0,0.3974529680714818,-0.5848342826572068,0.3974529680714818,0.5848342826572068,0.13736114225851995,
251130170209,l,-0.05605406350262698,0.12382325959004292,-0.2439232559077057,0.6429273652901722,0.41278565232136677,0.5793336946117303,0.28394518823456727,0.5550456514660788,-0.00047428479182064524,4.647394210853163,0.4682455787358192,8.684806735418853,4.573570427585474,7.180915790263908,0.3216438214855334,1.2161001185574671,0.14457351702835622,-0.23972599214112505,0.4327475745654063,0.7660281959575751,-0.410440966375284,0.3208666120294518,1.1825680964381584,0.01739253152294465,-0.23972599214112505,0.4327475745654063,0.7660281959575751,-0.410440966375284,0.58,1.08,0,0.3974529680714818,-0.5848342826572068,0.3974529680714818,0.5848342826572068,0.2792361230630374,
251130170209,r,-0.05605406350262698,0.12382325959004292,-0.2439232559077057,0.6429273652901722,0.41278565232136677,0.5793336946117303,0.28394518823456727,0.5550456514660788,-0.00047428479182064524,4.647394210853163,0.4682455787358192,8.684806735418853,4.573570427585474,7.180915790263908,0.2887554594423559,1.165922092187529,0.1438511725884116,-0.23972599214112505,0.4327475745654063,0.7660281959575751,-0.410440966375284,0.3208666120294518,1.1825680964381584,0.01739253152294465,-0.23972599214112505,0.4327475745654063,0.7660281959575751,-0.410440966375284,0.58,1.08,0,0.3974529680714818,-0.5848342826572068,0.3974529680714818,0.5848342826572068,0.2792361230630374,
251130170214,l,0.22036138970840335,-0.19879883620339447,-0.5153166014442054,0.36706984169423795,0.36333659316249345,0.5928362769541478,0.6178927193657893,0.5579442250787964,0.16866042871285558,4.783173357392711,0.802256668681464,8.82178307572264,5.122020459719299,6.90809762618518,-0.04388060424284989,1.2737575750130667,0.28212500038887317,0.5220284401464134,-0.48412499888880495,-0.4602119008032493,0.5303906923238196,0.04059912185914091,1.249462795275214,0.1842835832097247,0.5220284401464134,-0.48412499888880495,-0.4602119008032493,0.5303906923238196,0.58,1.08,0,0.3974529680714818,-0.5848342826572068,0.3974529680714818,0.5848342826572068,0.5946690836709514,
251130170214,r,0.22036138970840335,-0.19879883620339447,-0.5153166014442054,0.36706984169423795,0.36333659316249345,0.5928362769541478,0.6178927193657893,0.5579442250787964,0.16866042871285558,4.783173357392711,0.802256668681464,8.82178307572264,5.122020459719299,6.90809762618518,-0.03742124578562334,1.2141392763222045,0.2841088027213849,0.5220284401464134,-0.48412499888880495,-0.4602119008032493,0.5303906923238196,0.04059912185914091,1.249462795275214,0.1842835832097247,0.5220284401464134,-0.48412499888880495,-0.4602119008032493,0.5303906923238196,0.58,1.08,0,0.3974529680714818,-0.5848342826572068,0.3974529680714818,0.5848342826572068,0.5946690836709514,
251130170217,l,-0.09732849498946017,-0.023609175709532304,-0.5847712070580409,0.527912218384602,0.42068191859388515,0.5492474912188552,0.49260796581950506,0.5575707632141179,0.1887427084428532,4.801004691687421,0.8263745373201205,8.690367627574581,4.957817492982091,7.381270520766151,-0.04626614073939095,1.200261968988189,0.23465082676060411,-0.3754673663889909,0.5256434571772707,0.6013727159229149,-0.47018513122110445,0.004049238804774653,1.1496488790835293,0.12416697522661205,-0.3754673663889909,0.5256434571772707,0.6013727159229149,-0.47018513122110445,0.58,1.08,0,0.3974529680714818,-0.5848342826572068,0.3974529680714818,0.5848342826572068,0.5932854234841061,
251130170217,r,-0.09732849498946017,-0.023609175709532304,-0.5847712070580409,0.527912218384602,0.42068191859388515,0.5492474912188552,0.49260796581950506,0.5575707632141179,0.1887427084428532,4.801004691687421,0.8263745373201205,8.690367627574581,4.957817492982091,7.381270520766151,-0.06282016555895698,1.1426477472154168,0.2372132968512543,-0.3754673663889909,0.5256434571772707,0.6013727159229149,-0.47018513122110445,0.004049238804774653,1.1496488790835293,0.12416697522661205,-0.3754673663889909,0.5256434571772707,0.6013727159229149,-0.47018513122110445,0.58,1.08,0,0.3974529680714818,-0.5848342826572068,0.3974529680714818,0.5848342826572068,0.5932854234841061,
251130170847,l,-0.1314803406207269,-0.4171551817515097,-0.6483141266647112,0.06770773325232632,0.7383785525883804,0.5882400438598836,0.3227792354503882,0.15224412631667975,0.7969210465372922,2.8936938461194823,0.8060689817553544,5.844580556444606,3.9549866088274723,6.949378294541291,-0.30625882068700105,0.9893086692765067,-0.12045645267518189,0.7261854461578628,-0.41371434344826735,-0.548801934551401,0.017651651639215962,-0.1815166244202048,1.002130594678935,-0.1601425568380063,0.7261854461578628,-0.41371434344826735,-0.548801934551401,0.017651651639215962,0.58,1.08,0,0.3974529680714818,-0.5848342826572068,0.3974529680714818,0.5848342826572068,0.7820592896097486,0
251130170847,r,-0.1314803406207269,-0.4171551817515097,-0.6483141266647112,0.06770773325232632,0.7383785525883804,0.5882400438598836,0.3227792354503882,0.15224412631667975,0.7969210465372922,2.8936938461194823,0.8060689817553544,5.844580556444606,3.9549866088274723,6.949378294541291,-0.30293999407890704,0.9520941934979146,-0.1674039663467947,0.7261854461578628,-0.41371434344826735,-0.548801934551401,0.017651651639215962,-0.1815166244202048,1.002130594678935,-0.1601425568380063,0.7261854461578628,-0.41371434344826735,-0.548801934551401,0.017651651639215962,0.58,1.08,0,0.3974529680714818,-0.5848342826572068,0.3974529680714818,0.5848342826572068,0.7820592896097486,0
251130170856,l,-0.20628306272574287,-0.1629071802721127,-0.4491491715376469,0.05303504886058247,0.6903635152422201,0.7091990237357497,0.1327488025705807,0.15224603452952928,0.6672375676279101,3.0071111667741506,0.9386204097052238,5.242287282827324,3.481825789059072,6.575123882220511,-0.005210154998851715,0.9663525907326772,-0.15750607498821703,0.7108956143845131,-0.22059000044671695,-0.6674062489234567,-0.023159992714373124,0.10469468194214901,1.021841779538173,-0.2037865396442632,0.7108956143845131,-0.22059000044671695,-0.6674062489234567,-0.023159992714373124,0.58,1.08,0,0.3974529680714818,-0.5848342826572068,0.3974529680714818,0.5848342826572068,0.5204098669747509,0
251130170856,r,-0.20628306272574287,-0.1629071802721127,-0.4491491715376469,0.05303504886058247,0.6903635152422201,0.7091990237357497,0.1327488025705807,0.15224603452952928,0.6672375676279101,3.0071111667741506,0.9386204097052238,5.242287282827324,3.481825789059072,6.575123882220511,-0.004501078805398826,0.9493894689759851,-0.2150538871054353,0.7108956143845131,-0.22059000044671695,-0.6674062489234567,-0.023159992714373124,0.10469468194214901,1.021841779538173,-0.2037865396442632,0.7108956143845131,-0.22059000044671695,-0.6674062489234567,-0.023159992714373124,0.58,1.08,0,0.3974529680714818,-0.5848342826572068,0.3974529680714818,0.5848342826572068,0.5204098669747509,0
251130171953,l,0.4132357902622914,0.3743456741241399,1.040273579583971,0.46689081703844554,-0.5098759851977973,0.49849374850595446,0.523013790971934,-0.45696009124026576,-0.43172239541914387,7.808726837182465,1.2869018776255783,6.753577928881545,4.794954915299117,4.934384337538354,0.07202472913790411,1.000197957302969,-0.9640758038007528,0.02370414702350946,0.004877248278238099,-0.15406488252884984,0.987764312938497,0.06995356753042528,0.8998001552940055,-1.0490228278412492,0.02370414702350946,0.004877248278238099,-0.15406488252884984,0.987764312938497,0.58,1.08,0,0.3974529680714818,-0.5848342826572068,0.3974529680714818,0.5848342826572068,1.1802828569752277,0
251130171953,r,0.4132357902622914,0.3743456741241399,1.040273579583971,0.46689081703844554,-0.5098759851977973,0.49849374850595446,0.523013790971934,-0.45696009124026576,-0.43172239541914387,7.808726837182465,1.2869018776255783,6.753577928881545,4.794954915299117,4.934384337538354,0.12917356549604225,0.9819502522970193,-0.9650921485623344,0.02370414702350946,0.004877248278238099,-0.15406488252884984,0.987764312938497,0.06995356753042528,0.8998001552940055,-1.0490228278412492,0.02370414702350946,0.004877248278238099,-0.15406488252884984,0.987764312938497,0.58,1.08,0,0.3974529680714818,-0.5848342826572068,0.3974529680714818,0.5848342826572068,1.1802828569752277,0
251130171955,l,0.4132357902622914,0.3743456741241399,1.040273579583971,0.46689081703844554,-0.5098759851977973,0.49849374850595446,0.523013790971934,-0.45696009124026576,-0.43172239541914387,7.808726837182465,1.2869018776255783,6.753577928881545,4.794954915299117,4.934384337538354,0.07202472913790411,1.000197957302969,-0.9640758038007528,0.02370414702350946,0.004877248278238099,-0.15406488252884984,0.987764312938497,0.06995356753042528,0.8998001552940055,-1.0490228278412492,0.02370414702350946,0.004877248278238099,-0.15406488252884984,0.987764312938497,0.58,1.08,0,0.3974529680714818,-0.5848342826572068,0.3974529680714818,0.5848342826572068,1.1802828569752277,0
251130171955,r,0.4132357902622914,0.3743456741241399,1.040273579583971,0.46689081703844554,-0.5098759851977973,0.49849374850595446,0.523013790971934,-0.45696009124026576,-0.43172239541914387,7.808726837182465,1.2869018776255783,6.753577928881545,4.794954915299117,4.934384337538354,0.12917356549604225,0.9819502522970193,-0.9650921485623344,0.02370414702350946,0.004877248278238099,-0.15406488252884984,0.987764312938497,0.06995356753042528,0.8998001552940055,-1.0490228278412492,0.02370414702350946,0.004877248278238099,-0.15406488252884984,0.987764312938497,0.58,1.08,0,0.3974529680714818,-0.5848342826572068,0.3974529680714818,0.5848342826572068,1.1802828569752277,0
251130172019,l,-0.2593296348456703,-0.028002690793868967,-0.3198450119022612,-0.10158549245748076,0.38209112261368866,0.9182218547153518,-0.023566636228960866,-0.7788667937006586,-1.0918439283688508,9.115789661447476,-1.265850716302697,7.692115503238461,2.75590297102019,8.01180527795167,0.2920659120070121,0.8529135506391547,-0.3072110204900554,0.738914918460756,0.19564804004050418,-0.6388268240040355,0.08733197159458993,0.32800416806333665,0.9793817815289076,-0.31098390616598426,0.738914918460756,0.19564804004050418,-0.6388268240040355,0.08733197159458993,0.58,1.08,0,0.3974529680714818,-0.5848342826572068,0.3974529680714818,0.5848342826572068,0.4127188411493269,1
251130172019,r,-0.2593296348456703,-0.028002690793868967,-0.3198450119022612,-0.10158549245748076,0.38209112261368866,0.9182218547153518,-0.023566636228960866,-0.7788667937006586,-1.0918439283688508,9.115789661447476,-1.265850716302697,7.692115503238461,2.75590297102019,8.01180527795167,0.2985005674079004,0.863566821272169,-0.36590602992546534,0.738914918460756,0.19564804004050418,-0.6388268240040355,0.08733197159458993,0.32800416806333665,0.9793817815289076,-0.31098390616598426,0.738914918460756,0.19564804004050418,-0.6388268240040355,0.08733197159458993,0.58,1.08,0,0.3974529680714818,-0.5848342826572068,0.3974529680714818,0.5848342826572068,0.4127188411493269,1
251130172035,l,-0.08789824502693037,-0.04217369403653892,-0.36637457185624617,-0.18679778789751406,0.6205134219374384,0.6857610377677212,0.3313630812504476,-1.3758440135045378,-0.36315498825899295,10.647200744127373,0.38221659276335773,5.4827304912148405,2.9924679924802184,6.132589145601058,0.2358393387288012,0.9806627306214858,-0.3074108046434958,0.8886284472386194,-0.20988891539810087,-0.4067344811631966,0.02920940978425667,0.3470073772807554,1.050271763748761,-0.29759996434228675,0.8886284472386194,-0.20988891539810087,-0.4067344811631966,0.02920940978425667,0.58,1.08,0,0.3974529680714818,-0.5848342826572068,0.3974529680714818,0.5848342826572068,0.379124054697601,1
251130172035,r,-0.08789824502693037,-0.04217369403653892,-0.36637457185624617,-0.18679778789751406,0.6205134219374384,0.6857610377677212,0.3313630812504476,-1.3758440135045378,-0.36315498825899295,10.647200744127373,0.38221659276335773,5.4827304912148405,2.9924679924802184,6.132589145601058,0.2707009876594681,0.9568554802366943,-0.35004742202382433,0.8886284472386194,-0.20988891539810087,-0.4067344811631966,0.02920940978425667,0.3470073772807554,1.050271763748761,-0.29759996434228675,0.8886284472386194,-0.20988891539810087,-0.4067344811631966,0.02920940978425667,0.58,1.08,0,0.3974529680714818,-0.5848342826572068,0.3974529680714818,0.5848342826572068,0.379124054697601,1
251130172220,l,0.005680134145909177,0.12400209971255027,-0.10306875599728038,-0.0791770985148156,0.3612697984383519,0.6390456145389591,0.6744151842115729,-1.2032663741834644,-0.3217763868608134,10.774365778787656,0.7850874589019038,4.476393513930658,4.058217299669518,4.678909088586351,0.4540400834257216,1.0163332645706673,-0.12427389922802833,0.8316773153727067,-0.32024435386645933,-0.2029697429142327,0.40565955876239407,0.5600100629660896,1.0855699208301814,-0.16000418377654188,0.8316773153727067,-0.32024435386645933,-0.2029697429142327,0.40565955876239407,0.58,1.08,0,0.3974529680714818,-0.5848342826572068,0.3974529680714818,0.5848342826572068,0.1613442069609681,1
251130172220,r,0.005680134145909177,0.12400209971255027,-0.10306875599728038,-0.0791770985148156,0.3612697984383519,0.6390456145389591,0.6744151842115729,-1.2032663741834644,-0.3217763868608134,10.774365778787656,0.7850874589019038,4.476393513930658,4.058217299669518,4.678909088586351,0.49678971038219394,0.974492070128297,-0.12894131698685354,0.8316773153727067,-0.32024435386645933,-0.2029697429142327,0.40565955876239407,0.5600100629660896,1.0855699208301814,-0.16000418377654188,0.8316773153727067,-0.32024435386645933,-0.2029697429142327,0.40565955876239407,0.58,1.08,0,0.3974529680714818,-0.5848342826572068,0.3974529680714818,0.5848342826572068,0.1613442069609681,1
251130172224,l,0.08929113155705728,0.17412703997948054,-0.013851661835207585,-0.05641930960907711,0.19963172290301512,0.6566332841000528,0.7251184566443346,-1.1979173974432948,-0.3094790362696615,10.807366030705442,0.7779618980794192,4.537882328129194,4.338715779700956,4.511373120394873,0.45246425239448246,1.0933064863640514,-0.10995865995952482,0.7845622775735983,-0.25742076305058925,-0.14216944269888301,0.5458794908598668,0.5424764973083168,1.1663509767724405,-0.17210608362184301,0.7845622775735983,-0.25742076305058925,-0.14216944269888301,0.5458794908598668,0.58,1.08,0,0.3974529680714818,-0.5848342826572068,0.3974529680714818,0.5848342826572068,0.19617594338336256,1
251130172224,r,0.08929113155705728,0.17412703997948054,-0.013851661835207585,-0.05641930960907711,0.19963172290301512,0.6566332841000528,0.7251184566443346,-1.1979173974432948,-0.3094790362696615,10.807366030705442,0.7779618980794192,4.537882328129194,4.338715779700956,4.511373120394873,0.5020869491049048,1.059758082043389,-0.10648106923538085,0.7845622775735983,-0.25742076305058925,-0.14216944269888301,0.5458794908598668,0.5424764973083168,1.1663509767724405,-0.17210608362184301,0.7845622775735983,-0.25742076305058925,-0.14216944269888301,0.5458794908598668,0.58,1.08,0,0.3974529680714818,-0.5848342826572068,0.3974529680714818,0.5848342826572068,0.19617594338336256,1
251130201742,l,0.11604502639257341,-0.1920955826854065,0.3225524789205553,0.6572409207682925,0.6314468093643205,-0.3876768912941091,-0.13789822257750098,0.006578795363895156,-0.19572437806513454,4.053789436346154,0.9187601297443877,3.9724174492704973,5.785555010304242,8.448499499846607,0.508917885305404,0.925072008507344,0.3693580601494662,0.41494141852277566,0.7039498146642407,0.46342874363400566,0.3428003435440498,0.40027469211658867,0.9000800505659733,0.29955789709719605,0.41494141852277566,0.7039498146642407,0.46342874363400566,0.3428003435440498,0.58,1.08,0,0.3974529680714818,-0.5848342826572068,0.3974529680714818,0.5848342826572068,0.39294689551578615,0
251130201742,r,0.11604502639257341,-0.1920955826854065,0.3225524789205553,0.6572409207682925,0.6314468093643205,-0.3876768912941091,-0.13789822257750098,0.006578795363895156,-0.19572437806513454,4.053789436346154,0.9187601297443877,3.9724174492704973,5.785555010304242,8.448499499846607,0.4836804950172977,0.9791873926404463,0.36347584442818265,0.41494141852277566,0.7039498146642407,0.46342874363400566,0.3428003435440498,0.40027469211658867,0.9000800505659733,0.29955789709719605,0.41494141852277566,0.7039498146642407,0.46342874363400566,0.3428003435440498,0.58,1.08,0,0.3974529680714818,-0.5848342826572068,0.3974529680714818,0.5848342826572068,0.39294689551578615,0
251130201752,l,0.1457831622836086,-0.2706787753244063,0.3015203066548904,0.6641423634676292,0.6959779259654136,-0.1177676345780968,-0.24629338574409104,-0.01262184440605035,-0.1905175410697593,4.0170835300539105,1.0231570362099902,4.268972713556484,5.298012470653085,7.928008390056385,0.46544609828966665,0.7631559532417631,0.32227475170632064,0.27855932119361626,0.5737633765900835,0.6940472009155699,0.33391430591922766,0.3995893810417084,0.7496774510864025,0.209220661791016,0.27855932119361626,0.5737633765900835,0.6940472009155699,0.33391430591922766,0.58,1.08,0,0.3974529680714818,-0.5848342826572068,0.3974529680714818,0.5848342826572068,0.4306207439752392,0
251130201752,r,0.1457831622836086,-0.2706787753244063,0.3015203066548904,0.6641423634676292,0.6959779259654136,-0.1177676345780968,-0.24629338574409104,-0.01262184440605035,-0.1905175410697593,4.0170835300539105,1.0231570362099902,4.268972713556484,5.298012470653085,7.928008390056385,0.42813738064193263,0.8101454909840986,0.3224842122477994,0.27855932119361626,0.5737633765900835,0.6940472009155699,0.33391430591922766,0.3995893810417084,0.7496774510864025,0.209220661791016,0.27855932119361626,0.5737633765900835,0.6940472009155699,0.33391430591922766,0.58,1.08,0,0.3974529680714818,-0.5848342826572068,0.3974529680714818,0.5848342826572068,0.4306207439752392,0
251130201825,l,0.039401042463375946,-0.0167639197334557,-0.21956975887794322,-0.36946574601474774,0.5934578866383091,0.674559939377142,-0.237216561992198,-1.1183211650862357,0.06407294821364608,4.317197122410073,0.4244299883534765,5.066504714363073,2.359853839375643,12.603283834376294,0.2710987792941855,1.0582628330253276,-0.11090493862986822,0.7521711843989127,0.20660895795051207,-0.5085835751228098,-0.36454629106383885,0.3622751741056482,1.1165353125077806,-0.0361307043804234,0.7521711843989127,0.20660895795051207,-0.5085835751228098,-0.36454629106383885,0.58,1.08,0,0.3974529680714818,-0.5848342826572068,0.3974529680714818,0.5848342826572068,0.22370594575412747,1
251130201825,r,0.039401042463375946,-0.0167639197334557,-0.21956975887794322,-0.36946574601474774,0.5934578866383091,0.674559939377142,-0.237216561992198,-1.1183211650862357,0.06407294821364608,4.317197122410073,0.4244299883534765,5.066504714363073,2.359853839375643,12.603283834376294,0.2949374410752655,1.0991597431632651,-0.1477717476328076,0.7521711843989127,0.20660895795051207,-0.5085835751228098,-0.36454629106383885,0.3622751741056482,1.1165353125077806,-0.0361307043804234,0.7521711843989127,0.20660895795051207,-0.5085835751228098,-0.36454629106383885,0.58,1.08,0,0.3974529680714818,-0.5848342826572068,0.3974529680714818,0.5848342826572068,0.22370594575412747,1
251130201853,l,-0.042388023945308995,0.07379920270172402,-0.28471139974246673,0.7425377817807048,-0.12820294630857257,0.07464698966571895,0.6531687961869193,-1.1356253591911354,0.2655184918904483,4.405910622827819,0.4988750878697065,5.153961907936125,0.44125988872374666,11.98890949434172,0.2916553886477056,1.275980630397458,0.1109204292236829,-0.18195619165764187,-0.5724732120457985,-0.16735916103968804,0.7817654906261736,0.32004522226935317,1.1485149101516878,0.1266210112055545,-0.18195619165764187,-0.5724732120457985,-0.16735916103968804,0.7817654906261736,0.58,1.08,0,0.3974529680714818,-0.5848342826572068,0.3974529680714818,0.5848342826572068,0.29715929740917235,1
251130201853,r,-0.042388023945308995,0.07379920270172402,-0.28471139974246673,0.7425377817807048,-0.12820294630857257,0.07464698966571895,0.6531687961869193,-1.1356253591911354,0.2655184918904483,4.405910622827819,0.4988750878697065,5.153961907936125,0.44125988872374666,11.98890949434172,0.3089672311830131,1.2727801621162729,0.1682794533765384,-0.18195619165764187,-0.5724732120457985,-0.16735916103968804,0.7817654906261736,0.32004522226935317,1.1485149101516878,0.1266210112055545,-0.18195619165764187,-0.5724732120457985,-0.16735916103968804,0.7817654906261736,0.58,1.08,0,0.3974529680714818,-0.5848342826572068,0.3974529680714818,0.5848342826572068,0.29715929740917235,1
251130201854,l,-0.042388023945308995,0.07379920270172402,-0.28471139974246673,0.7425377817807048,-0.12820294630857257,0.07464698966571895,0.6531687961869193,-1.1356253591911354,0.2655184918904483,4.405910622827819,0.4988750878697065,5.153961907936125,0.44125988872374666,11.98890949434172,0.2916553886477056,1.275980630397458,0.1109204292236829,-0.18195619165764187,-0.5724732120457985,-0.16735916103968804,0.7817654906261736,0.32004522226935317,1.1485149101516878,0.1266210112055545,-0.18195619165764187,-0.5724732120457985,-0.16735916103968804,0.7817654906261736,0.58,1.08,0,0.3974529680714818,-0.5848342826572068,0.3974529680714818,0.5848342826572068,0.29715929740917235,1
251130201854,r,-0.042388023945308995,0.07379920270172402,-0.28471139974246673,0.7425377817807048,-0.12820294630857257,0.07464698966571895,0.6531687961869193,-1.1356253591911354,0.2655184918904483,4.405910622827819,0.4988750878697065,5.153961907936125,0.44125988872374666,11.98890949434172,0.3089672311830131,1.2727801621162729,0.1682794533765384,-0.18195619165764187,-0.5724732120457985,-0.16735916103968804,0.7817654906261736,0.32004522226935317,1.1485149101516878,0.1266210112055545,-0.18195619165764187,-0.5724732120457985,-0.16735916103968804,0.7817654906261736,0.58,1.08,0,0.3974529680714818,-0.5848342826572068,0.3974529680714818,0.5848342826572068,0.29715929740917235,1
251130202230,l,-0.04411547626966983,0.12456763207268884,-0.48826403883359853,0.5779129440218963,-0.21352986086468007,-0.295481458346036,0.7301454279591814,0.1417103675331412,-0.3318956224549407,5.4968360337571776,1.0512767498746038,5.82731758668819,4.874053424626556,8.719178724489572,0.01512757074996493,1.1474033392424359,0.01014474197930304,-0.3054606050750619,-0.6492676836422141,0.2098909377992031,0.6641468986149895,0.08465757549427247,1.0844836082768705,0.1023764661783429,-0.3054606050750619,-0.6492676836422141,0.2098909377992031,0.6641468986149895,0.58,1.08,0,0.3974529680714818,-0.5848342826572068,0.3974529680714818,0.5848342826572068,0.5058310407881216,1
251130202230,r,-0.04411547626966983,0.12456763207268884,-0.48826403883359853,0.5779129440218963,-0.21352986086468007,-0.295481458346036,0.7301454279591814,0.1417103675331412,-0.3318956224549407,5.4968360337571776,1.0512767498746038,5.82731758668819,4.874053424626556,8.719178724489572,0.019255243439818243,1.1879302392182953,0.05419623647946367,-0.3054606050750619,-0.6492676836422141,0.2098909377992031,0.6641468986149895,0.08465757549427247,1.0844836082768705,0.1023764661783429,-0.3054606050750619,-0.6492676836422141,0.2098909377992031,0.6641468986149895,0.58,1.08,0,0.3974529680714818,-0.5848342826572068,0.3974529680714818,0.5848342826572068,0.5058310407881216,1
251130202232,l,-0.04411547626966983,0.12456763207268884,-0.48826403883359853,0.5779129440218963,-0.21352986086468007,-0.295481458346036,0.7301454279591814,0.1417103675331412,-0.3318956224549407,5.4968360337571776,1.0512767498746038,5.82731758668819,4.874053424626556,8.719178724489572,0.01512757074996493,1.1474033392424359,0.01014474197930304,-0.3054606050750619,-0.6492676836422141,0.2098909377992031,0.6641468986149895,0.08465757549427247,1.0844836082768705,0.1023764661783429,-0.3054606050750619,-0.6492676836422141,0.2098909377992031,0.6641468986149895,0.58,1.08,0,0.3974529680714818,-0.5848342826572068,0.3974529680714818,0.5848342826572068,0.5058310407881216,1
251130202232,r,-0.04411547626966983,0.12456763207268884,-0.48826403883359853,0.5779129440218963,-0.21352986086468007,-0.295481458346036,0.7301454279591814,0.1417103675331412,-0.3318956224549407,5.4968360337571776,1.0512767498746038,5.82731758668819,4.874053424626556,8.719178724489572,0.019255243439818243,1.1879302392182953,0.05419623647946367,-0.3054606050750619,-0.6492676836422141,0.2098909377992031,0.6641468986149895,0.08465757549427247,1.0844836082768705,0.1023764661783429,-0.3054606050750619,-0.6492676836422141,0.2098909377992031,0.6641468986149895,0.58,1.08,0,0.3974529680714818,-0.5848342826572068,0.3974529680714818,0.5848342826572068,0.5058310407881216,1
251130202343,l,-0.04411547626966983,0.12456763207268884,-0.48826403883359853,0.5779129440218963,-0.21352986086468007,-0.295481458346036,0.7301454279591814,0.1417103675331412,-0.3318956224549407,5.4968360337571776,1.0512767498746038,5.82731758668819,4.874053424626556,8.719178724489572,0.01512757074996493,1.1474033392424359,0.01014474197930304,-0.3054606050750619,-0.6492676836422141,0.2098909377992031,0.6641468986149895,0.08465757549427247,1.0844836082768705,0.1023764661783429,-0.3054606050750619,-0.6492676836422141,0.2098909377992031,0.6641468986149895,0.58,1.08,0,0.3974529680714818,-0.5848342826572068,0.3974529680714818,0.5848342826572068,0.5058310407881216,1
251130202343,r,-0.04411547626966983,0.12456763207268884,-0.48826403883359853,0.5779129440218963,-0.21352986086468007,-0.295481458346036,0.7301454279591814,0.1417103675331412,-0.3318956224549407,5.4968360337571776,1.0512767498746038,5.82731758668819,4.874053424626556,8.719178724489572,0.019255243439818243,1.1879302392182953,0.05419623647946367,-0.3054606050750619,-0.6492676836422141,0.2098909377992031,0.6641468986149895,0.08465757549427247,1.0844836082768705,0.1023764661783429,-0.3054606050750619,-0.6492676836422141,0.2098909377992031,0.6641468986149895,0.58,1.08,0,0.3974529680714818,-0.5848342826572068,0.3974529680714818,0.5848342826572068,0.5058310407881216,1
251130202827,l,-0.09067039678330835,0.0025721546639200232,-0.15624609905538334,-0.3044168037185145,0.35757743264666036,0.7818565364641867,-0.4100843210346225,-1.719857754991311,-0.4107757843437225,1.9251371521774823,-0.7923246193860568,1.8554742315733395,1.6977756528423014,7.1946218300919655,0.37287101628767905,1.0377578974008113,-0.15587979963300858,0.6144208744139623,0.46245037688408397,-0.5843325718757787,-0.2591950645141353,0.4196386800172942,1.1254403317495891,-0.06971378902078815,0.6144208744139623,0.46245037688408397,-0.5843325718757787,-0.2591950645141353,0.58,1.08,0,0.3974529680714818,-0.5848342826572068,0.3974529680714818,0.5848342826572068,0.18066704265715525,1
251130202827,r,-0.09067039678330835,0.0025721546639200232,-0.15624609905538334,-0.3044168037185145,0.35757743264666036,0.7818565364641867,-0.4100843210346225,-1.719857754991311,-0.4107757843437225,1.9251371521774823,-0.7923246193860568,1.8554742315733395,1.6977756528423014,7.1946218300919655,0.36623442761231917,1.0900293351156083,-0.18457915443533912,0.6144208744139623,0.46245037688408397,-0.5843325718757787,-0.2591950645141353,0.4196386800172942,1.1254403317495891,-0.06971378902078815,0.6144208744139623,0.46245037688408397,-0.5843325718757787,-0.2591950645141353,0.58,1.08,0,0.3974529680714818,-0.5848342826572068,0.3974529680714818,0.5848342826572068,0.18066704265715525,1
251130202938,l,0.11604502639257341,-0.1920955826854065,0.3225524789205553,0.6572409207682925,0.6314468093643205,-0.3876768912941091,-0.13789822257750098,0.006578795363895156,-0.19572437806513454,4.053789436346154,0.9187601297443877,3.9724174492704973,5.785555010304242,8.448499499846607,0.508917885305404,0.925072008507344,0.3693580601494662,0.41494141852277566,0.7039498146642407,0.46342874363400566,0.3428003435440498,0.40027469211658867,0.9000800505659733,0.29955789709719605,0.41494141852277566,0.7039498146642407,0.46342874363400566,0.3428003435440498,0.58,1.08,0,0.3974529680714818,-0.5848342826572068,0.3974529680714818,0.5848342826572068,0.39294689551578615,0
251130202938,r,0.11604502639257341,-0.1920955826854065,0.3225524789205553,0.6572409207682925,0.6314468093643205,-0.3876768912941091,-0.13789822257750098,0.006578795363895156,-0.19572437806513454,4.053789436346154,0.9187601297443877,3.9724174492704973,5.785555010304242,8.448499499846607,0.4836804950172977,0.9791873926404463,0.36347584442818265,0.41494141852277566,0.7039498146642407,0.46342874363400566,0.3428003435440498,0.40027469211658867,0.9000800505659733,0.29955789709719605,0.41494141852277566,0.7039498146642407,0.46342874363400566,0.3428003435440498,0.58,1.08,0,0.3974529680714818,-0.5848342826572068,0.3974529680714818,0.5848342826572068,0.39294689551578615,0
251130202956,l,0.06471217958674808,0.01532480646745693,-0.49244331243125866,-0.01666251640775708,0.5830081370099666,0.8120349364718638,0.020570223961369618,-1.056009599423676,0.6029787050430593,3.4361886958771164,0.8808046363724561,4.293444515759454,3.4515360814999454,11.085746502340868,-0.00010110753829418355,1.0262725252430416,0.0665419646011287,0.7245446973349602,-0.02362505202920653,-0.6887036712563599,-0.012809833548697002,0.08638561031913794,1.1215420616094678,0.03926984114336868,0.7245446973349602,-0.02362505202920653,-0.6887036712563599,-0.012809833548697002,0.58,1.08,0,0.3974529680714818,-0.5848342826572068,0.3974529680714818,0.5848342826572068,0.4969134047682783,1
251130202956,r,0.06471217958674808,0.01532480646745693,-0.49244331243125866,-0.01666251640775708,0.5830081370099666,0.8120349364718638,0.020570223961369618,-1.056009599423676,0.6029787050430593,3.4361886958771164,0.8808046363724561,4.293444515759454,3.4515360814999454,11.085746502340868,0.0029143858810598074,1.0252771002585952,0.00662604985603309,0.7245446973349602,-0.02362505202920653,-0.6887036712563599,-0.012809833548697002,0.08638561031913794,1.1215420616094678,0.03926984114336868,0.7245446973349602,-0.02362505202920653,-0.6887036712563599,-0.012809833548697002,0.58,1.08,0,0.3974529680714818,-0.5848342826572068,0.3974529680714818,0.5848342826572068,0.4969134047682783,1
251130203030,l,0.06471217958674808,0.01532480646745693,-0.49244331243125866,-0.01666251640775708,0.5830081370099666,0.8120349364718638,0.020570223961369618,-1.056009599423676,0.6029787050430593,3.4361886958771164,0.8808046363724561,4.293444515759454,3.4515360814999454,11.085746502340868,-0.00010110753829418355,1.0262725252430416,0.0665419646011287,0.7245446973349602,-0.02362505202920653,-0.6887036712563599,-0.012809833548697002,0.08638561031913794,1.1215420616094678,0.03926984114336868,0.7245446973349602,-0.02362505202920653,-0.6887036712563599,-0.012809833548697002,0.58,1.08,0,0.3974529680714818,-0.5848342826572068,0.3974529680714818,0.5848342826572068,0.4969134047682783,1
251130203030,r,0.06471217958674808,0.01532480646745693,-0.49244331243125866,-0.01666251640775708,0.5830081370099666,0.8120349364718638,0.020570223961369618,-1.056009599423676,0.6029787050430593,3.4361886958771164,0.8808046363724561,4.293444515759454,3.4515360814999454,11.085746502340868,0.0029143858810598074,1.0252771002585952,0.00662604985603309,0.7245446973349602,-0.02362505202920653,-0.6887036712563599,-0.012809833548697002,0.08638561031913794,1.1215420616094678,0.03926984114336868,0.7245446973349602,-0.02362505202920653,-0.6887036712563599,-0.012809833548697002,0.58,1.08,0,0.3974529680714818,-0.5848342826572068,0.3974529680714818,0.5848342826572068,0.4969134047682783,1
251130204806,l,0.0010500590924276132,-0.07855235216984927,-0.5971321463412558,0.37619381807898444,-0.41988612312395984,-0.447304242717051,0.6943290009181339,0.07887021046898905,-0.16465568094528288,5.430781245288145,0.9123116026722969,5.3791721550797735,4.589954073806999,8.764721523354591,-0.12085362148062144,1.0896170860073482,-0.008057674348743809,-0.3725317820193849,-0.48780534989006996,0.48443592706416033,0.623368157411606,-0.017631730549153332,1.0939847577174353,0.07334361519953014,-0.3725317820193849,-0.48780534989006996,0.48443592706416033,0.623368157411606,0.58,1.08,0,0.3974529680714818,-0.5848342826572068,0.3974529680714818,0.5848342826572068,0.6022776559441905,1
251130204806,r,0.0010500590924276132,-0.07855235216984927,-0.5971321463412558,0.37619381807898444,-0.41988612312395984,-0.447304242717051,0.6943290009181339,0.07887021046898905,-0.16465568094528288,5.430781245288145,0.9123116026722969,5.3791721550797735,4.589954073806999,8.764721523354591,-0.11756948831213286,1.147661686604205,0.006776074963307548,-0.3725317820193849,-0.48780534989006996,0.48443592706416033,0.623368157411606,-0.017631730549153332,1.0939847577174353,0.07334361519953014,-0.3725317820193849,-0.48780534989006996,0.48443592706416033,0.623368157411606,0.58,1.08,0,0.3974529680714818,-0.5848342826572068,0.3974529680714818,0.5848342826572068,0.6022776559441905,1
251130222658,l,0.10713628133007785,-0.04710540255403206,-0.6366985069134441,0.6199924355880315,0.040900083488429065,-0.17246971031065234,0.7643237284586506,-0.46099368836356464,0.5660159283258047,2.9104318808564855,0.9943053388703899,4.11029852397507,0.09887036665759365,7.98105042780355,-0.04122871320299184,1.2801704138663395,-0.35792452143615866,-0.14342043001011337,-0.7858889309255583,0.02580021574209636,0.6009521809771309,0.008389617619244213,1.1815644261153506,-0.2864061069463891,-0.14342043001011337,-0.7858889309255583,0.02580021574209636,0.6009521809771309,0.58,1.08,0,0.3974529680714818,-0.5848342826572068,0.3974529680714818,0.5848342826572068,0.6473654998784103,1
251130222658,l,0.10713628133007785,-0.04710540255403206,-0.6366985069134441,0.6199924355880315,0.040900083488429065,-0.17246971031065234,0.7643237284586506,-0.46099368836356464,0.5660159283258047,2.9104318808564855,0.9943053388703899,4.11029852397507,0.09887036665759365,7.98105042780355,-0.04122871320299184,1.2801704138663395,-0.35792452143615866,-0.14342043001011337,-0.7858889309255583,0.02580021574209636,0.6009521809771309,0.008389617619244213,1.1815644261153506,-0.2864061069463891,-0.14342043001011337,-0.7858889309255583,0.02580021574209636,0.6009521809771309,0.58,1.08,0,0.3974529680714818,-0.5848342826572068,0.3974529680714818,0.5848342826572068,0.6473654998784103,1
251130222658,r,0.10713628133007785,-0.04710540255403206,-0.6366985069134441,0.6199924355880315,0.040900083488429065,-0.17246971031065234,0.7643237284586506,-0.46099368836356464,0.5660159283258047,2.9104318808564855,0.9943053388703899,4.11029852397507,0.09887036665759365,7.98105042780355,-0.05542316159370151,1.2955564834748667,-0.30169474658696777,-0.14342043001011337,-0.7858889309255583,0.02580021574209636,0.6009521809771309,0.008389617619244213,1.1815644261153506,-0.2864061069463891,-0.14342043001011337,-0.7858889309255583,0.02580021574209636,0.6009521809771309,0.58,1.08,0,0.3974529680714818,-0.5848342826572068,0.3974529680714818,0.5848342826572068,0.6473654998784103,1
251130222658,r,0.10713628133007785,-0.04710540255403206,-0.6366985069134441,0.6199924355880315,0.040900083488429065,-0.17246971031065234,0.7643237284586506,-0.46099368836356464,0.5660159283258047,2.9104318808564855,0.9943053388703899,4.11029852397507,0.09887036665759365,7.98105042780355,-0.05542316159370151,1.2955564834748667,-0.30169474658696777,-0.14342043001011337,-0.7858889309255583,0.02580021574209636,0.6009521809771309,0.008389617619244213,1.1815644261153506,-0.2864061069463891,-0.14342043001011337,-0.7858889309255583,0.02580021574209636,0.6009521809771309,0.58,1.08,0,0.3974529680714818,-0.5848342826572068,0.3974529680714818,0.5848342826572068,0.6473654998784103,1
251130223459,l,0.0036577656327427856,-0.09847002048894282,-0.7056735871766111,0.6263139999266697,-0.06673471977514961,0.11916761615804673,0.7675130845239699,-1.4956986091345885,0.5245943319930878,3.2052377383037665,0.4370274458068706,4.273501813457353,-0.14681497959369402,8.073252525629767,-0.14130652340613997,1.4013567333118617,0.18507596721544514,-0.018070151859157273,-0.6114060578994176,-0.10440894677151512,0.7841905865635422,-0.07656301745278705,1.286871510870878,0.18388656537307715,-0.018070151859157273,-0.6114060578994176,-0.10440894677151512,0.7841905865635422,0.58,1.08,0,0.3974529680714818,-0.5848342826572068,0.3974529680714818,0.5848342826572068,0.7125201301178958,1
251130223459,r,0.0036577656327427856,-0.09847002048894282,-0.7056735871766111,0.6263139999266697,-0.06673471977514961,0.11916761615804673,0.7675130845239699,-1.4956986091345885,0.5245943319930878,3.2052377383037665,0.4370274458068706,4.273501813457353,-0.14681497959369402,8.073252525629767,-0.12747275228543625,1.3928573339596229,0.24283744321401227,-0.018070151859157273,-0.6114060578994176,-0.10440894677151512,0.7841905865635422,-0.07656301745278705,1.286871510870878,0.18388656537307715,-0.018070151859157273,-0.6114060578994176,-0.10440894677151512,0.7841905865635422,0.58,1.08,0,0.3974529680714818,-0.5848342826572068,0.3974529680714818,0.5848342826572068,0.7125201301178958,1
251130223502,l,0.0036577656327427856,-0.09847002048894282,-0.7056735871766111,0.6263139999266697,-0.06673471977514961,0.11916761615804673,0.7675130845239699,-1.4956986091345885,0.5245943319930878,3.2052377383037665,0.4370274458068706,4.273501813457353,-0.14681497959369402,8.073252525629767,-0.14130652340613997,1.4013567333118617,0.18507596721544514,-0.018070151859157273,-0.6114060578994176,-0.10440894677151512,0.7841905865635422,-0.07656301745278705,1.286871510870878,0.18388656537307715,-0.018070151859157273,-0.6114060578994176,-0.10440894677151512,0.7841905865635422,0.58,1.08,0,0.3974529680714818,-0.5848342826572068,0.3974529680714818,0.5848342826572068,0.7125201301178958,1
251130223503,l,0.0036577656327427856,-0.09847002048894282,-0.7056735871766111,0.6263139999266697,-0.06673471977514961,0.11916761615804673,0.7675130845239699,-1.4956986091345885,0.5245943319930878,3.2052377383037665,0.4370274458068706,4.273501813457353,-0.14681497959369402,8.073252525629767,-0.14130652340613997,1.4013567333118617,0.18507596721544514,-0.018070151859157273,-0.6114060578994176,-0.10440894677151512,0.7841905865635422,-0.07656301745278705,1.286871510870878,0.18388656537307715,-0.018070151859157273,-0.6114060578994176,-0.10440894677151512,0.7841905865635422,0.58,1.08,0,0.3974529680714818,-0.5848342826572068,0.3974529680714818,0.5848342826572068,0.7125201301178958,1
251130223502,r,0.0036577656327427856,-0.09847002048894282,-0.7056735871766111,0.6263139999266697,-0.06673471977514961,0.11916761615804673,0.7675130845239699,-1.4956986091345885,0.5245943319930878,3.2052377383037665,0.4370274458068706,4.273501813457353,-0.14681497959369402,8.073252525629767,-0.12747275228543625,1.3928573339596229,0.24283744321401227,-0.018070151859157273,-0.6114060578994176,-0.10440894677151512,0.7841905865635422,-0.07656301745278705,1.286871510870878,0.18388656537307715,-0.018070151859157273,-0.6114060578994176,-0.10440894677151512,0.7841905865635422,0.58,1.08,0,0.3974529680714818,-0.5848342826572068,0.3974529680714818,0.5848342826572068,0.7125201301178958,1
251130223503,r,0.0036577656327427856,-0.09847002048894282,-0.7056735871766111,0.6263139999266697,-0.06673471977514961,0.11916761615804673,0.7675130845239699,-1.4956986091345885,0.5245943319930878,3.2052377383037665,0.4370274458068706,4.273501813457353,-0.14681497959369402,8.073252525629767,-0.12747275228543625,1.3928573339596229,0.24283744321401227,-0.018070151859157273,-0.6114060578994176,-0.10440894677151512,0.7841905865635422,-0.07656301745278705,1.286871510870878,0.18388656537307715,-0.018070151859157273,-0.6114060578994176,-0.10440894677151512,0.7841905865635422,0.58,1.08,0,0.3974529680714818,-0.5848342826572068,0.3974529680714818,0.5848342826572068,0.7125201301178958,1
251130223503,l,0.0036577656327427856,-0.09847002048894282,-0.7056735871766111,0.6263139999266697,-0.06673471977514961,0.11916761615804673,0.7675130845239699,-1.4956986091345885,0.5245943319930878,3.2052377383037665,0.4370274458068706,4.273501813457353,-0.14681497959369402,8.073252525629767,-0.14130652340613997,1.4013567333118617,0.18507596721544514,-0.018070151859157273,-0.6114060578994176,-0.10440894677151512,0.7841905865635422,-0.07656301745278705,1.286871510870878,0.18388656537307715,-0.018070151859157273,-0.6114060578994176,-0.10440894677151512,0.7841905865635422,0.58,1.08,0,0.3974529680714818,-0.5848342826572068,0.3974529680714818,0.5848342826572068,0.7125201301178958,1
251130223503,l,0.0036577656327427856,-0.09847002048894282,-0.7056735871766111,0.6263139999266697,-0.06673471977514961,0.11916761615804673,0.7675130845239699,-1.4956986091345885,0.5245943319930878,3.2052377383037665,0.4370274458068706,4.273501813457353,-0.14681497959369402,8.073252525629767,-0.14130652340613997,1.4013567333118617,0.18507596721544514,-0.018070151859157273,-0.6114060578994176,-0.10440894677151512,0.7841905865635422,-0.07656301745278705,1.286871510870878,0.18388656537307715,-0.018070151859157273,-0.6114060578994176,-0.10440894677151512,0.7841905865635422,0.58,1.08,0,0.3974529680714818,-0.5848342826572068,0.3974529680714818,0.5848342826572068,0.7125201301178958,1
251130223503,l,0.0036577656327427856,-0.09847002048894282,-0.7056735871766111,0.6263139999266697,-0.06673471977514961,0.11916761615804673,0.7675130845239699,-1.4956986091345885,0.5245943319930878,3.2052377383037665,0.4370274458068706,4.273501813457353,-0.14681497959369402,8.073252525629767,-0.14130652340613997,1.4013567333118617,0.18507596721544514,-0.018070151859157273,-0.6114060578994176,-0.10440894677151512,0.7841905865635422,-0.07656301745278705,1.286871510870878,0.18388656537307715,-0.018070151859157273,-0.6114060578994176,-0.10440894677151512,0.7841905865635422,0.58,1.08,0,0.3974529680714818,-0.5848342826572068,0.3974529680714818,0.5848342826572068,0.7125201301178958,1
251130223504,l,0.0036577656327427856,-0.09847002048894282,-0.7056735871766111,0.6263139999266697,-0.06673471977514961,0.11916761615804673,0.7675130845239699,-1.4956986091345885,0.5245943319930878,3.2052377383037665,0.4370274458068706,4.273501813457353,-0.14681497959369402,8.073252525629767,-0.14130652340613997,1.4013567333118617,0.18507596721544514,-0.018070151859157273,-0.6114060578994176,-0.10440894677151512,0.7841905865635422,-0.07656301745278705,1.286871510870878,0.18388656537307715,-0.018070151859157273,-0.6114060578994176,-0.10440894677151512,0.7841905865635422,0.58,1.08,0,0.3974529680714818,-0.5848342826572068,0.3974529680714818,0.5848342826572068,0.7125201301178958,1
251130223503,l,0.0036577656327427856,-0.09847002048894282,-0.7056735871766111,0.6263139999266697,-0.06673471977514961,0.11916761615804673,0.7675130845239699,-1.4956986091345885,0.5245943319930878,3.2052377383037665,0.4370274458068706,4.273501813457353,-0.14681497959369402,8.073252525629767,-0.14130652340613997,1.4013567333118617,0.18507596721544514,-0.018070151859157273,-0.6114060578994176,-0.10440894677151512,0.7841905865635422,-0.07656301745278705,1.286871510870878,0.18388656537307715,-0.018070151859157273,-0.6114060578994176,-0.10440894677151512,0.7841905865635422,0.58,1.08,0,0.3974529680714818,-0.5848342826572068,0.3974529680714818,0.5848342826572068,0.7125201301178958,1
251130223503,l,0.0036577656327427856,-0.09847002048894282,-0.7056735871766111,0.6263139999266697,-0.06673471977514961,0.11916761615804673,0.7675130845239699,-1.4956986091345885,0.5245943319930878,3.2052377383037665,0.4370274458068706,4.273501813457353,-0.14681497959369402,8.073252525629767,-0.14130652340613997,1.4013567333118617,0.18507596721544514,-0.018070151859157273,-0.6114060578994176,-0.10440894677151512,0.7841905865635422,-0.07656301745278705,1.286871510870878,0.18388656537307715,-0.018070151859157273,-0.6114060578994176,-0.10440894677151512,0.7841905865635422,0.58,1.08,0,0.3974529680714818,-0.5848342826572068,0.3974529680714818,0.5848342826572068,0.7125201301178958,1
251130223504,l,0.0036577656327427856,-0.09847002048894282,-0.7056735871766111,0.6263139999266697,-0.06673471977514961,0.11916761615804673,0.7675130845239699,-1.4956986091345885,0.5245943319930878,3.2052377383037665,0.4370274458068706,4.273501813457353,-0.14681497959369402,8.073252525629767,-0.14130652340613997,1.4013567333118617,0.18507596721544514,-0.018070151859157273,-0.6114060578994176,-0.10440894677151512,0.7841905865635422,-0.07656301745278705,1.286871510870878,0.18388656537307715,-0.018070151859157273,-0.6114060578994176,-0.10440894677151512,0.7841905865635422,0.58,1.08,0,0.3974529680714818,-0.5848342826572068,0.3974529680714818,0.5848342826572068,0.7125201301178958,1
251130223504,r,0.0036577656327427856,-0.09847002048894282,-0.7056735871766111,0.6263139999266697,-0.06673471977514961,0.11916761615804673,0.7675130845239699,-1.4956986091345885,0.5245943319930878,3.2052377383037665,0.4370274458068706,4.273501813457353,-0.14681497959369402,8.073252525629767,-0.12747275228543625,1.3928573339596229,0.24283744321401227,-0.018070151859157273,-0.6114060578994176,-0.10440894677151512,0.7841905865635422,-0.07656301745278705,1.286871510870878,0.18388656537307715,-0.018070151859157273,-0.6114060578994176,-0.10440894677151512,0.7841905865635422,0.58,1.08,0,0.3974529680714818,-0.5848342826572068,0.3974529680714818,0.5848342826572068,0.7125201301178958,1
251130223503,r,0.0036577656327427856,-0.09847002048894282,-0.7056735871766111,0.6263139999266697,-0.06673471977514961,0.11916761615804673,0.7675130845239699,-1.4956986091345885,0.5245943319930878,3.2052377383037665,0.4370274458068706,4.273501813457353,-0.14681497959369402,8.073252525629767,-0.12747275228543625,1.3928573339596229,0.24283744321401227,-0.018070151859157273,-0.6114060578994176,-0.10440894677151512,0.7841905865635422,-0.07656301745278705,1.286871510870878,0.18388656537307715,-0.018070151859157273,-0.6114060578994176,-0.10440894677151512,0.7841905865635422,0.58,1.08,0,0.3974529680714818,-0.5848342826572068,0.3974529680714818,0.5848342826572068,0.7125201301178958,1
251130223503,r,0.0036577656327427856,-0.09847002048894282,-0.7056735871766111,0.6263139999266697,-0.06673471977514961,0.11916761615804673,0.7675130845239699,-1.4956986091345885,0.5245943319930878,3.2052377383037665,0.4370274458068706,4.273501813457353,-0.14681497959369402,8.073252525629767,-0.12747275228543625,1.3928573339596229,0.24283744321401227,-0.018070151859157273,-0.6114060578994176,-0.10440894677151512,0.7841905865635422,-0.07656301745278705,1.286871510870878,0.18388656537307715,-0.018070151859157273,-0.6114060578994176,-0.10440894677151512,0.7841905865635422,0.58,1.08,0,0.3974529680714818,-0.5848342826572068,0.3974529680714818,0.5848342826572068,0.7125201301178958,1
251130223503,r,0.0036577656327427856,-0.09847002048894282,-0.7056735871766111,0.6263139999266697,-0.06673471977514961,0.11916761615804673,0.7675130845239699,-1.4956986091345885,0.5245943319930878,3.2052377383037665,0.4370274458068706,4.273501813457353,-0.14681497959369402,8.073252525629767,-0.12747275228543625,1.3928573339596229,0.24283744321401227,-0.018070151859157273,-0.6114060578994176,-0.10440894677151512,0.7841905865635422,-0.07656301745278705,1.286871510870878,0.18388656537307715,-0.018070151859157273,-0.6114060578994176,-0.10440894677151512,0.7841905865635422,0.58,1.08,0,0.3974529680714818,-0.5848342826572068,0.3974529680714818,0.5848342826572068,0.7125201301178958,1
251130223503,r,0.0036577656327427856,-0.09847002048894282,-0.7056735871766111,0.6263139999266697,-0.06673471977514961,0.11916761615804673,0.7675130845239699,-1.4956986091345885,0.5245943319930878,3.2052377383037665,0.4370274458068706,4.273501813457353,-0.14681497959369402,8.073252525629767,-0.12747275228543625,1.3928573339596229,0.24283744321401227,-0.018070151859157273,-0.6114060578994176,-0.10440894677151512,0.7841905865635422,-0.07656301745278705,1.286871510870878,0.18388656537307715,-0.018070151859157273,-0.6114060578994176,-0.10440894677151512,0.7841905865635422,0.58,1.08,0,0.3974529680714818,-0.5848342826572068,0.3974529680714818,0.5848342826572068,0.7125201301178958,1
251130223503,r,0.0036577656327427856,-0.09847002048894282,-0.7056735871766111,0.6263139999266697,-0.06673471977514961,0.11916761615804673,0.7675130845239699,-1.4956986091345885,0.5245943319930878,3.2052377383037665,0.4370274458068706,4.273501813457353,-0.14681497959369402,8.073252525629767,-0.12747275228543625,1.3928573339596229,0.24283744321401227,-0.018070151859157273,-0.6114060578994176,-0.10440894677151512,0.7841905865635422,-0.07656301745278705,1.286871510870878,0.18388656537307715,-0.018070151859157273,-0.6114060578994176,-0.10440894677151512,0.7841905865635422,0.58,1.08,0,0.3974529680714818,-0.5848342826572068,0.3974529680714818,0.5848342826572068,0.7125201301178958,1
251130223504,r,0.0036577656327427856,-0.09847002048894282,-0.7056735871766111,0.6263139999266697,-0.06673471977514961,0.11916761615804673,0.7675130845239699,-1.4956986091345885,0.5245943319930878,3.2052377383037665,0.4370274458068706,4.273501813457353,-0.14681497959369402,8.073252525629767,-0.12747275228543625,1.3928573339596229,0.24283744321401227,-0.018070151859157273,-0.6114060578994176,-0.10440894677151512,0.7841905865635422,-0.07656301745278705,1.286871510870878,0.18388656537307715,-0.018070151859157273,-0.6114060578994176,-0.10440894677151512,0.7841905865635422,0.58,1.08,0,0.3974529680714818,-0.5848342826572068,0.3974529680714818,0.5848342826572068,0.7125201301178958,1
251130224512,l,-0.015783131147806634,0.19055168596162264,-0.7718243460087046,0.6561642363495799,0.06919882478533212,0.053600171977559764,0.7495245433078648,-0.6320022318743983,0.9273514285238073,3.058067546653929,1.3348318051239032,9.136808565535103,0.27495474712173923,2.7770886231864433,-0.2657437203617579,1.2039640516260313,-0.057941585612588414,-0.02699608878344673,-0.7183083845123553,-0.1446970954707304,0.6799757586050206,-0.21399019907350608,1.0839902958144565,-0.04284603786269332,-0.02699608878344673,-0.7183083845123553,-0.1446970954707304,0.6799757586050206,0.58,1.08,0,0.3974529680714818,-0.5848342826572068,0.3974529680714818,0.5848342826572068,0.795155251094659,1
251130224512,r,-0.015783131147806634,0.19055168596162264,-0.7718243460087046,0.6561642363495799,0.06919882478533212,0.053600171977559764,0.7495245433078648,-0.6320022318743983,0.9273514285238073,3.058067546653929,1.3348318051239032,9.136808565535103,0.27495474712173923,2.7770886231864433,-0.270172222735029,1.1944841695820478,0.0011390524968184906,-0.02699608878344673,-0.7183083845123553,-0.1446970954707304,0.6799757586050206,-0.21399019907350608,1.0839902958144565,-0.04284603786269332,-0.02699608878344673,-0.7183083845123553,-0.1446970954707304,0.6799757586050206,0.58,1.08,0,0.3974529680714818,-0.5848342826572068,0.3974529680714818,0.5848342826572068,0.795155251094659,1
